Start,End,Image,Text1,Text2,Text3,Text4
38.894438:121.525063,38.906047:121.529997,dnui,DNUI,30 min Walk,Natural,3 - 4 km
38.8924:121.533414,38.86860801450304:121.53456197968475,daliansquare,Main Street,60 min Walk,City,6 - 7 km
38.892696:121.537935,38.86860801450304:121.53456197968475,dalianvenice,City,45 min Walk,Market,5 - 6 km
38.888003:121.540943,38.894925:121.558572,dnui,DNUI,30 min Walk,Natural,3 - 4 km
38.887420:121.530555,38.898804:121.518389,daliansquare,Main Street,60 min Walk,City,6 - 7 km
38.888592:121.533173,38.88782813360091:121.53170200469354,dalianvenice,City,45 min Walk,Market,5 - 6 km
38.888601:121.534994,38.89497426552499:121.53676767475578,dnui,DNUI,30 min Walk,Natural,3 - 4 km
