WalkID,Type,StartPos,EndPos,Time,MarkerPoints
chinese,Nature,38.894438:121.525063,38.906047:121.529997,45 Min,"38.887691:121.532945,38.888000:121.540777,38.884325:121.544918,38.881839:121.539017,38.878373:121.537386"
chinese,Nature,38.88758181692196:121.53198587551717,38.86860801450304:121.53456197968475,60 Min,"38.887691:121.532945,38.888000:121.540777,38.884325:121.544918,38.881839:121.539017,38.878373:121.537386"
one,Nature,38.888601:121.534994,38.89497426552499:121.53676767475578,30 Min,"38.88929502691185:121.53826439197708,38.89142274911136:121.53701524710816,38.89192296594852:121.53832775439128"
chinese,Nature,38.888003:121.540943,38.894925:121.558572,15 Min,"38.887691:121.532945,38.888000:121.540777,38.884325:121.544918,38.881839:121.539017,38.878373:121.537386"
chinese,City,38.887712260409806:121.53389166382787,38.89253831963461:121.52451770896141,30 Min,"38.88745058661096:121.5307778266868,38.88665322229873:121.52429006831737,38.88937434941252:121.52406242770128"
one,City,38.888592:121.533173,38.88782813360091:121.53170200469354,15 Min,"38.888592:121.533173,38.888413:121.532973,38.888353:121.532812,38.888271:121.532683,38.888212:121.532499,38.88782813360091:121.53170200469354"
